rows,parquet_size_kib,baseline_seconds,flight_seconds,baseline_mib_s,flight_mib_s
160,3092.83,0.010011,0.01996,301.703,151.317
320,5659.43,0.015318,0.031841,360.811,173.574
640,10792.71,0.033174,0.141793,317.709,74.332
1280,21059.42,0.073512,0.180752,279.761,113.78
2560,41594.12,0.152038,0.22169,267.164,183.225
5120,82666.15,0.259623,0.573434,310.946,140.781
